AT,"<a href=""https://www.alwyzon.com""> Alwyzon </a>",mirror.alwyzon.net,"Fedora EPEL <a href=""http://mirror.alwyzon.net/epel"">http</a> <a href=""https://mirror.alwyzon.net/epel"">https</a> <a href=""rsync://mirror.alwyzon.net/epel"">rsync</a> CentOS <a href=""http://mirror.alwyzon.net/centos-stream"">http</a> <a href=""https://mirror.alwyzon.net/centos-stream"">https</a> <a href=""rsync://mirror.alwyzon.net/centos-stream"">rsync</a> Fedora Linux <a href=""http://mirror.alwyzon.net/fedora"">http</a> <a href=""https://mirror.alwyzon.net/fedora"">https</a> <a href=""rsync://mirror.alwyzon.net/fedora"">rsync</a>",10000,No,"Located in Vienna, Austria"
AT,"<a href=""https://www.jku.at""> Johannes Kepler University (JKU) </a>",mirror.im.jku.at,"Fedora Linux <a href=""http://mirror.im.jku.at/mirror/fedora/linux"">http</a> <a href=""https://mirror.im.jku.at/mirror/fedora/linux"">https</a> <a href=""rsync://mirror.im.jku.at/fedora/linux"">rsync</a> Fedora EPEL <a href=""http://mirror.im.jku.at/mirror/epel"">http</a> <a href=""https://mirror.im.jku.at/mirror/epel"">https</a> <a href=""rsync://mirror.im.jku.at/epel"">rsync</a> CentOS <a href=""http://mirror.im.jku.at/mirror/centos-stream"">http</a> <a href=""https://mirror.im.jku.at/mirror/centos-stream"">https</a> <a href=""rsync://mirror.im.jku.at/centos-stream"">rsync</a>",1000,Yes,"Located in Linz, Austria"
AU,"<a href=""https://www.kernel.org""> mirrors.kernel.org </a>",ap.edge.kernel.org,"Fedora Linux <a href=""https://ap.edge.kernel.org/fedora"">https</a> Fedora EPEL <a href=""https://ap.edge.kernel.org/fedora-epel"">https</a>",20000,No,
AU,"<a href=""http://crucial.com.au""> crucial.com.au </a>",fedora.mirror.crucial.com.au,"Fedora Linux <a href=""rsync://mirror.crucial.com.au/fedora/linux"">rsync</a> <a href=""http://mirror.crucial.com.au/fedora/linux"">http</a>",100,No,"Australia's top web hosting services, Crucial Cloud Hosting has over 8 years of experience and Crucial Support 24/7/365. Web hosting made easy and reliable."
AU,"<a href=""http://www.digitalpacific.com.au/""> Digital Pacific Australia </a>",fedora.mirror.digitalpacific.com.au,"Fedora Linux <a href=""https://fedora.mirror.digitalpacific.com.au/linux"">https</a> <a href=""http://fedora.mirror.digitalpacific.com.au/linux"">http</a> <a href=""rsync://fedora.mirror.digitalpacific.com.au/fedora/linux"">rsync</a>",20000,Yes,Mirror located in Sydney
AU,"<a href=""http://www.iinet.net.au""> iinet.net.au </a>",ftp.iinet.net.au,"Fedora Linux <a href=""rsync://ftp.iinet.net.au/redhat-fedora"">rsync</a> <a href=""http://ftp.iinet.net.au/pub/fedora/linux"">http</a>",100,No,fastest fedora updates for iinet users
AU,"<a href=""None""> Fedora Mirror </a>",ftp.swin.edu.au,"Fedora Linux <a href=""rsync://ftp.swin.edu.au/fedora"">rsync</a> <a href=""http://ftp.swin.edu.au/fedora"">http</a>",100,No,
AU,"<a href=""http://www.aarnet.edu.au""> AARNet Mirror </a>",mirror.aarnet.edu.au,"Fedora Linux <a href=""https://mirror.aarnet.edu.au/pub/fedora/linux"">https</a> <a href=""http://mirror.aarnet.edu.au/pub/fedora/linux"">http</a> <a href=""rsync://mirror.aarnet.edu.au/fedora/linux"">rsync</a> Fedora EPEL <a href=""https://mirror.aarnet.edu.au/pub/epel"">https</a> <a href=""rsync://mirror.aarnet.edu.au/EPEL"">rsync</a> <a href=""http://mirror.aarnet.edu.au/pub/epel"">http</a>",10000,Yes,Australian Academic Research Network
AU,"<a href=""https://rwts.com.au""> Real World Group </a>",mirror.realcompute.io,"Fedora Linux <a href=""https://mirror.realcompute.io/fedora/linux"">https</a> <a href=""http://mirror.realcompute.io/fedora/linux"">http</a> <a href=""rsync://mirror.realcompute.io/fedora"">rsync</a> Fedora EPEL <a href=""http://mirror.realcompute.io/epel"">http</a> <a href=""https://mirror.realcompute.io/epel"">https</a> <a href=""rsync://mirror.realcompute.io/epel"">rsync</a>",1000,No,Located in Sydney
AU,"<a href=""https://www.rackspace.com""> Rackspace </a>",syd.mirror.rackspace.com,"Fedora EPEL <a href=""https://syd.mirror.rackspace.com/epel"">https</a> <a href=""http://syd.mirror.rackspace.com/epel"">http</a> <a href=""rsync://syd.mirror.rackspace.com/epel"">rsync</a> Fedora Linux <a href=""https://syd.mirror.rackspace.com/fedora"">https</a> <a href=""rsync://syd.mirror.rackspace.com/fedora"">rsync</a> <a href=""http://syd.mirror.rackspace.com/fedora"">http</a> CentOS <a href=""rsync://syd.mirror.rackspace.com/centos-stream"">rsync</a> <a href=""https://syd.mirror.rackspace.com/centos-stream"">https</a> <a href=""http://syd.mirror.rackspace.com/centos-stream"">http</a>",1000,No,
BE,"<a href=""http://cu.be""> Cu.be Solutions </a>",fedora.cu.be,"Fedora Linux <a href=""https://fedora.cu.be/linux"">https</a> <a href=""http://fedora.cu.be/linux"">http</a> Fedora EPEL <a href=""https://fedora.cu.be/epel"">https</a> <a href=""http://fedora.cu.be/epel"">http</a>",20000,No,IPv6-enabled
BG,"<a href=""https://www.ipacct.in""> IPACCT </a>",fedora.ipacct.com,"Fedora Linux <a href=""http://fedora.ipacct.com/fedora/linux"">http</a> <a href=""https://fedora.ipacct.com/fedora/linux"">https</a> <a href=""rsync://fedora.ipacct.com/fedora/linux"">rsync</a> Fedora EPEL <a href=""https://fedora.ipacct.com/epel"">https</a> <a href=""rsync://fedora.ipacct.com/epel"">rsync</a> <a href=""http://fedora.ipacct.com/epel"">http</a>",10000,No,
BG,"<a href=""https://netix.net""> NetiX </a>",mirrors.netix.net,"Fedora Linux <a href=""http://mirrors.netix.net/fedora"">http</a> <a href=""https://mirrors.netix.net/fedora"">https</a> <a href=""rsync://mirrors.netix.net/fedora"">rsync</a> Fedora EPEL <a href=""http://mirrors.netix.net/epel"">http</a> <a href=""rsync://mirrors.netix.net/epel"">rsync</a> <a href=""https://mirrors.netix.net/epel"">https</a>",10000,Yes,Mirror Hosted by NetiX
BG,"<a href=""https://www.telepoint.bg""> mirror.telepoint.bg </a>",mirror.telepoint.bg,"Fedora Linux <a href=""http://mirror.telepoint.bg/fedora"">http</a> <a href=""rsync://mirror.telepoint.bg/fedora"">rsync</a> <a href=""https://mirror.telepoint.bg/fedora"">https</a> Fedora EPEL <a href=""http://mirror.telepoint.bg/epel"">http</a> <a href=""https://mirror.telepoint.bg/epel"">https</a> <a href=""rsync://mirror.telepoint.bg/epel"">rsync</a>",10000,Yes,
BR,"<a href=""http://c3sl.ufpr.br""> fedora.c3sl.ufpr.br </a>",fedora.c3sl.ufpr.br,"Fedora Linux <a href=""http://fedora.c3sl.ufpr.br/linux"">http</a> <a href=""rsync://fedora.c3sl.ufpr.br/fedora/linux"">rsync</a>",20000,Yes,
BY,"<a href=""http://beltelecom.by""> RUE Beltelecom, MGTS </a>",ftp.byfly.by,"Fedora Linux <a href=""http://ftp.byfly.by/pub/fedoraproject.org/linux"">http</a> <a href=""https://ftp.byfly.by/pub/fedoraproject.org/linux"">https</a> <a href=""rsync://ftp.byfly.by/fedora-linux"">rsync</a>",10000,No,IPv6 available
BY,"<a href=""http://datacenter.by""> RUE Beltelecom, Datacenter </a>",mirror.datacenter.by,"Fedora Linux <a href=""rsync://mirror.datacenter.by/fedora-linux"">rsync</a> <a href=""https://mirror.datacenter.by/pub/fedoraproject.org/linux"">https</a> <a href=""http://mirror.datacenter.by/pub/fedoraproject.org/linux"">http</a> Fedora EPEL <a href=""rsync://mirror.datacenter.by/fedora-epel"">rsync</a> <a href=""http://mirror.datacenter.by/pub/fedoraproject.org/epel"">http</a> <a href=""https://mirror.datacenter.by/pub/fedoraproject.org/epel"">https</a>",2000,No,IPv6 available
CA,"<a href=""http://www.gtcomm.net""> GloboTech_Communication </a>",fedora.mirror.gtcomm.net,"Fedora Linux <a href=""http://fedora.mirror.gtcomm.net"">http</a>",1000,No,
CA,"<a href=""http://www.iweb.com""> iWeb inc. </a>",fedora.mirror.iweb.com,"Fedora Linux <a href=""http://fedora.mirror.iweb.com/linux"">http</a> <a href=""rsync://fedora.mirror.iweb.com/fedora-enchilada"">rsync</a> Fedora EPEL <a href=""http://fedora-epel.mirror.iweb.com"">http</a> <a href=""rsync://fedora-epel.mirror.iweb.com/fedora-epel"">rsync</a>",4000,No,IPv6 Enabled
CA,"<a href=""https://csclub.uwaterloo.ca/""> Computer Science Club of the University of Waterloo </a>",mirror.csclub.uwaterloo.ca,"Fedora Linux <a href=""https://mirror.csclub.uwaterloo.ca/fedora/linux"">https</a> <a href=""http://mirror.csclub.uwaterloo.ca/fedora/linux"">http</a> <a href=""rsync://mirror.csclub.uwaterloo.ca/fedora-enchilada/linux"">rsync</a> Fedora EPEL <a href=""https://mirror.csclub.uwaterloo.ca/fedora/epel"">https</a> <a href=""http://mirror.csclub.uwaterloo.ca/fedora/epel"">http</a> <a href=""rsync://mirror.csclub.uwaterloo.ca/fedora-enchilada/epel"">rsync</a>",4000,No,Connected to CA*Net 4
CA,"<a href=""https://www.dst.ca""> Digital Shape Technologies Inc. </a>",mirror.dst.ca,"Fedora Linux <a href=""http://mirror.dst.ca/fedora-linux/fedora/linux"">http</a> <a href=""rsync://mirror.dst.ca/fedora-buffet/fedora/linux"">rsync</a> <a href=""https://mirror.dst.ca/fedora-linux/fedora/linux"">https</a> Fedora EPEL <a href=""http://mirror.dst.ca/fedora-linux/epel"">http</a> <a href=""https://mirror.dst.ca/fedora-linux/epel"">https</a> <a href=""rsync://mirror.dst.ca/fedora-buffet/epel"">rsync</a> Fedora Secondary Arches <a href=""http://mirror.dst.ca/fedora-linux/fedora-secondary"">http</a> <a href=""rsync://mirror.dst.ca/fedora-buffet/fedora-secondary"">rsync</a> <a href=""https://mirror.dst.ca/fedora-linux/fedora-secondary"">https</a> Fedora Other <a href=""http://mirror.dst.ca/fedora-linux/alt"">http</a> <a href=""rsync://mirror.dst.ca/fedora-buffet/alt"">rsync</a> <a href=""https://mirror.dst.ca/fedora-linux/alt"">https</a>",2000,No,
CA,"<a href=""https://xenyth.net""> Xenyth Cloud </a>",mirror.xenyth.net,"Fedora Linux <a href=""http://mirror.xenyth.net/fedora/linux"">http</a> <a href=""https://mirror.xenyth.net/fedora/linux"">https</a> <a href=""rsync://mirror.xenyth.net/fedora-linux/linux"">rsync</a> Fedora EPEL <a href=""http://mirror.xenyth.net/epel"">http</a> <a href=""https://mirror.xenyth.net/epel"">https</a> <a href=""rsync://mirror.xenyth.net/fedora-epel"">rsync</a> CentOS <a href=""http://mirror.xenyth.net/centos-stream"">http</a> <a href=""https://mirror.xenyth.net/centos-stream"">https</a> <a href=""rsync://mirror.xenyth.net/centos-stream"">rsync</a>",20000,No,"IPv6, IXPs, Open Peering Policy"
CA,"<a href=""https://muug.ca""> Manitoba Unix User Group </a>",muug.ca,"Fedora Secondary Arches <a href=""https://muug.ca/mirror/fedora-secondary"">https</a> <a href=""rsync://muug.ca/fedora-secondary"">rsync</a> <a href=""http://muug.ca/mirror/fedora-secondary"">http</a> Fedora Linux <a href=""https://muug.ca/mirror/fedora/linux"">https</a> <a href=""rsync://muug.ca/fedora"">rsync</a> <a href=""http://muug.ca/mirror/fedora/linux"">http</a> Fedora EPEL <a href=""rsync://muug.ca/fedora-epel"">rsync</a> <a href=""https://muug.ca/mirror/fedora-epel"">https</a> <a href=""http://muug.ca/mirror/fedora-epel"">http</a>",10000,No,"IPv6, CA*Net"
CH,"<a href=""https://home.cern""> CERN </a>",linuxsoft.cern.ch,"Fedora EPEL <a href=""http://linuxsoft.cern.ch/epel"">http</a> <a href=""https://linuxsoft.cern.ch/epel"">https</a> <a href=""rsync://linuxsoft.cern.ch/fedora-epel"">rsync</a> Fedora Linux <a href=""http://linuxsoft.cern.ch/fedora"">http</a> <a href=""https://linuxsoft.cern.ch/fedora"">https</a> <a href=""rsync://linuxsoft.cern.ch/fedora-enchilada"">rsync</a> CentOS <a href=""rsync://linuxsoft.cern.ch/centos-stream"">rsync</a> <a href=""http://linuxsoft.cern.ch/centos-stream"">http</a> <a href=""https://linuxsoft.cern.ch/centos-stream"">https</a>",10000,No,
CH,"<a href=""https://www.init7.net""> mirror.init7.net </a>",mirror.init7.net,"Fedora Linux <a href=""https://mirror.init7.net/fedora/fedora/linux"">https</a> <a href=""http://mirror.init7.net/fedora/fedora/linux"">http</a> Fedora EPEL <a href=""https://mirror.init7.net/fedora/epel"">https</a> <a href=""http://mirror.init7.net/fedora/epel"">http</a>",20000,No,IPv4 and IPv6 - Sponsored by Init7 (Schweiz) AG
CN,"<a href=""http://mirrors.163.com""> 163.com </a>",mirrors.163.com,"Fedora Linux <a href=""http://mirrors.163.com/fedora"">http</a> <a href=""rsync://mirrors.163.com/fedora"">rsync</a>",1000,No,
CN,"<a href=""http://global.bfsu.edu.cn""> Beijing Foreign Studies University </a>",mirrors.bfsu.edu.cn,"Fedora EPEL <a href=""http://mirrors.bfsu.edu.cn/epel"">http</a> <a href=""rsync://mirrors.bfsu.edu.cn/epel"">rsync</a> Fedora Secondary Arches <a href=""http://mirrors.bfsu.edu.cn/fedora-altarch"">http</a> <a href=""rsync://mirrors.bfsu.edu.cn/fedora-altarch"">rsync</a> Fedora Linux <a href=""rsync://mirrors.bfsu.edu.cn/fedora"">rsync</a> <a href=""http://mirrors.bfsu.edu.cn/fedora"">http</a> CentOS <a href=""http://mirrors.bfsu.edu.cn/centos-stream"">http</a> <a href=""rsync://mirrors.bfsu.edu.cn/centos-stream"">rsync</a> <a href=""https://mirrors.bfsu.edu.cn/centos-stream"">https</a>",1000,Yes,
CN,"<a href=""https://sjtug.org""> SJTUG </a>",mirror.sjtu.edu.cn,"Fedora Linux <a href=""rsync://mirror.sjtu.edu.cn/fedora/linux"">rsync</a> <a href=""https://mirror.sjtu.edu.cn/fedora/linux"">https</a> Fedora EPEL <a href=""rsync://mirror.sjtu.edu.cn/fedora/epel"">rsync</a> <a href=""https://mirror.sjtu.edu.cn/fedora/epel"">https</a> Fedora Secondary Arches <a href=""rsync://mirror.sjtu.edu.cn/fedora-secondary"">rsync</a> <a href=""https://mirror.sjtu.edu.cn/fedora-secondary"">https</a>",1000,No,Shanghai Jiao Tong University Linux User Group. Rsync is only allowed for file scanning.
CN,"<a href=""http://www.tsinghua.edu.cn""> TUNA </a>",mirrors.tuna.tsinghua.edu.cn,"Fedora Linux <a href=""https://mirrors.tuna.tsinghua.edu.cn/fedora"">https</a> <a href=""http://mirrors.tuna.tsinghua.edu.cn/fedora"">http</a> <a href=""rsync://mirrors.tuna.tsinghua.edu.cn/fedora"">rsync</a> Fedora Secondary Arches <a href=""https://mirrors.tuna.tsinghua.edu.cn/fedora-altarch"">https</a> <a href=""http://mirrors.tuna.tsinghua.edu.cn/fedora-altarch"">http</a> <a href=""rsync://mirrors.tuna.tsinghua.edu.cn/fedora-altarch"">rsync</a> Fedora EPEL <a href=""https://mirrors.tuna.tsinghua.edu.cn/epel"">https</a> <a href=""http://mirrors.tuna.tsinghua.edu.cn/epel"">http</a> <a href=""rsync://mirrors.tuna.tsinghua.edu.cn/epel"">rsync</a> CentOS <a href=""http://mirrors.tuna.tsinghua.edu.cn/centos-stream"">http</a> <a href=""https://mirrors.tuna.tsinghua.edu.cn/centos-stream"">https</a> <a href=""rsync://mirrors.tuna.tsinghua.edu.cn/centos-stream"">rsync</a>",20000,Yes,
CY,"<a href=""http://library.ucy.ac.cy""> University of Cyprus, Library </a>",mirror.library.ucy.ac.cy,"Fedora Linux <a href=""http://mirror.library.ucy.ac.cy/linux/fedora/linux"">http</a> <a href=""rsync://mirror.library.ucy.ac.cy/fedora/linux"">rsync</a>",100,No,
CZ,"<a href=""http://www.fi.muni.cz/""> Masaryk University, Brno </a>",ftp.fi.muni.cz,"Fedora Linux <a href=""rsync://ftp.fi.muni.cz/pub/linux/fedora/linux"">rsync</a> <a href=""http://ftp.fi.muni.cz/pub/linux/fedora/linux"">http</a> Fedora EPEL <a href=""rsync://ftp.fi.muni.cz/pub/linux/fedora/epel"">rsync</a> <a href=""http://ftp.fi.muni.cz/pub/linux/fedora/epel"">http</a> Fedora Secondary Arches <a href=""http://ftp.fi.muni.cz/pub/linux/fedora/alt"">http</a> <a href=""rsync://ftp.fi.muni.cz/pub/linux/fedora/alt"">rsync</a> CentOS <a href=""rsync://ftp.fi.muni.cz/pub/linux/centos-stream"">rsync</a> <a href=""http://ftp.fi.muni.cz/pub/linux/centos-stream"">http</a> <a href=""https://ftp.fi.muni.cz/pub/linux/centos-stream"">https</a>",10000,Yes,also available over IPv6
CZ,"<a href=""https://www.upc.cz""> Vodafone Czech Republic </a>",mirror.karneval.cz,"Fedora Other <a href=""https://mirror.karneval.cz/pub/linux/fedora-alt"">https</a> <a href=""http://mirror.karneval.cz/pub/linux/fedora-alt"">http</a> <a href=""rsync://mirror.karneval.cz/fedora-spins"">rsync</a> Fedora EPEL <a href=""rsync://mirror.karneval.cz/fedora-epel"">rsync</a> <a href=""http://mirror.karneval.cz/pub/linux/fedora/epel"">http</a> <a href=""https://mirror.karneval.cz/pub/linux/fedora/epel"">https</a> Fedora Linux <a href=""http://mirror.karneval.cz/pub/linux/fedora/linux"">http</a> <a href=""rsync://mirror.karneval.cz/fedora/linux"">rsync</a> <a href=""https://mirror.karneval.cz/pub/linux/fedora/linux"">https</a> CentOS <a href=""http://mirror.karneval.cz/pub/linux/centos-stream"">http</a> <a href=""https://mirror.karneval.cz/pub/linux/centos-stream"">https</a> <a href=""rsync://mirror.karneval.cz/centos-stream"">rsync</a>",10240,No,IPv6 available
CZ,"<a href=""http://www.slu.cz""> Silesian university in Opava </a>",mirror.slu.cz,"Fedora Linux <a href=""http://mirror.slu.cz/fedora/linux"">http</a> <a href=""rsync://mirror.slu.cz/fedora/linux"">rsync</a> Fedora EPEL <a href=""http://mirror.slu.cz/epel"">http</a> <a href=""rsync://mirror.slu.cz/epel"">rsync</a>",1000,Yes,IPv6 available
DE,"<a href=""http://www.fau.de""> Friedrich-Alexander-Universitaet Erlangen-Nuernberg </a>",ftp.fau.de,"Fedora Linux <a href=""http://ftp.fau.de/fedora/linux"">http</a> <a href=""https://ftp.fau.de/fedora/linux"">https</a> <a href=""rsync://ftp.fau.de/fedora/linux"">rsync</a> Fedora EPEL <a href=""http://ftp.fau.de/epel"">http</a> <a href=""https://ftp.fau.de/epel"">https</a> <a href=""rsync://ftp.fau.de/epel"">rsync</a>",5000,Yes,IPv6 available
DE,"<a href=""http://ftp.halifax.rwth-aachen.de/""> ftp.halifax.rwth-aachen.de </a>",ftp.halifax.rwth-aachen.de,"Fedora Linux <a href=""rsync://ftp.halifax.rwth-aachen.de/fedora/linux"">rsync</a> <a href=""http://ftp.halifax.rwth-aachen.de/fedora/linux"">http</a> <a href=""https://ftp.halifax.rwth-aachen.de/fedora/linux"">https</a> Fedora EPEL <a href=""rsync://ftp.halifax.rwth-aachen.de/fedora-epel"">rsync</a> <a href=""http://ftp.halifax.rwth-aachen.de/fedora-epel"">http</a> <a href=""https://ftp.halifax.rwth-aachen.de/fedora-epel"">https</a>",20000,Yes,
DE,"<a href=""https://www.plusline.net""> Plus.line AG </a>",ftp.plusline.net,"Fedora EPEL <a href=""rsync://ftp.plusline.net/epel"">rsync</a> <a href=""http://ftp.plusline.net/epel"">http</a> <a href=""https://ftp.plusline.net/epel"">https</a> Fedora Linux <a href=""https://ftp.plusline.net/fedora/linux"">https</a> <a href=""rsync://ftp.plusline.net/fedora/linux"">rsync</a> <a href=""http://ftp.plusline.net/fedora/linux"">http</a> CentOS <a href=""http://ftp.plusline.net/centos-stream"">http</a> <a href=""https://ftp.plusline.net/centos-stream"">https</a> <a href=""rsync://ftp.plusline.net/centos-stream"">rsync</a>",2000,No,IPv6 of course available
DE,"<a href=""http://www.uni-bayreuth.de""> Uni Bayreuth </a>",ftp.uni-bayreuth.de,"Fedora Linux <a href=""http://ftp.uni-bayreuth.de/linux/fedora/linux"">http</a> <a href=""rsync://rsync.uni-bayreuth.de/fedora-enchilada/linux"">rsync</a> Fedora EPEL <a href=""rsync://rsync.uni-bayreuth.de/fedora-epel"">rsync</a> <a href=""http://ftp.uni-bayreuth.de/linux/fedora-epel"">http</a> CentOS <a href=""http://ftp.uni-bayreuth.de/linux/centos-stream"">http</a> <a href=""https://ftp.uni-bayreuth.de/linux/centos-stream"">https</a> <a href=""rsync://rsync.uni-bayreuth.de/centos-stream"">rsync</a>",10000,Yes,
DE,"<a href=""https://23m.com""> 23media </a>",mirror.23m.com,"Fedora Linux <a href=""http://mirror.23m.com/fedora/linux"">http</a> <a href=""https://mirror.23m.com/fedora/linux"">https</a> <a href=""rsync://mirror.23m.com/fedora/linux"">rsync</a> Fedora EPEL <a href=""http://mirror.23m.com/epel"">http</a> <a href=""https://mirror.23m.com/epel"">https</a> <a href=""rsync://mirror.23m.com/epel"">rsync</a>",10000,No,
DE,"<a href=""http://www.hs-esslingen.de""> ftp-stud.hs-esslingen.de </a>",mirror2.hs-esslingen.de,"Fedora Linux <a href=""http://mirror2.hs-esslingen.de/fedora/linux"">http</a> <a href=""rsync://mirror2.hs-esslingen.de/fedora-linux"">rsync</a>",10000,Yes,
DE,"<a href=""http://www.leaseweb.com""> LeaseWeb </a>",mirror.de.leaseweb.net,"Fedora Linux <a href=""rsync://mirror.de.leaseweb.net/fedora"">rsync</a> <a href=""http://mirror.de.leaseweb.net/fedora/linux"">http</a> Fedora EPEL <a href=""http://mirror.de.leaseweb.net/epel"">http</a> <a href=""rsync://mirror.de.leaseweb.net/epel"">rsync</a>",10000,No,
DE,"<a href=""https://www.dogado.de""> dogado GmbH </a>",mirror.dogado.de,"Fedora Linux <a href=""http://mirror.dogado.de/fedora/linux"">http</a> <a href=""https://mirror.dogado.de/fedora/linux"">https</a> <a href=""rsync://mirror.dogado.de/fedora/linux"">rsync</a> Fedora EPEL <a href=""http://mirror.dogado.de/fedora-epel"">http</a> <a href=""https://mirror.dogado.de/fedora-epel"">https</a> <a href=""rsync://mirror.dogado.de/fedora-epel"">rsync</a> CentOS <a href=""http://mirror.dogado.de/centos-stream"">http</a> <a href=""https://mirror.dogado.de/centos-stream"">https</a> <a href=""rsync://mirror.dogado.de/centos-stream"">rsync</a>",20000,No,"The hardware and bandwidth for this mirror is donated by dogado GmbH (https://www.dogado.de), the Webhosting and Full Service-Cloud Provider"
DE,"<a href=""www.netzwerge.de""> Netzwerge GmbH </a>",mirror.netzwerge.de,"Fedora EPEL <a href=""https://mirror.netzwerge.de/epel"">https</a> <a href=""http://mirror.netzwerge.de/epel"">http</a> <a href=""rsync://mirror.netzwerge.de/epel"">rsync</a> CentOS <a href=""https://mirror.netzwerge.de/centos-stream"">https</a> <a href=""http://mirror.netzwerge.de/centos-stream"">http</a> <a href=""rsync://mirror.netzwerge.de/centos-stream"">rsync</a> Fedora Linux <a href=""http://mirror.netzwerge.de/fedora/linux"">http</a> <a href=""https://mirror.netzwerge.de/fedora/linux"">https</a> <a href=""rsync://mirror.netzwerge.de/fedora/linux"">rsync</a>",1000,No,
DE,"<a href=""https://xtom.com""> xTom </a>",mirrors.xtom.de,"Fedora Linux <a href=""https://mirrors.xtom.de/fedora"">https</a> <a href=""http://mirrors.xtom.de/fedora"">http</a> <a href=""rsync://mirrors.xtom.de/fedora"">rsync</a> Fedora EPEL <a href=""https://mirrors.xtom.de/epel"">https</a> <a href=""http://mirrors.xtom.de/epel"">http</a> <a href=""rsync://mirrors.xtom.de/epel"">rsync</a> Fedora Secondary Arches <a href=""https://mirrors.xtom.de/fedora-altarch"">https</a> <a href=""rsync://mirrors.xtom.de/fedora-altarch"">rsync</a> <a href=""http://mirrors.xtom.de/fedora-altarch"">http</a> CentOS <a href=""http://mirrors.xtom.de/centos-stream"">http</a> <a href=""https://mirrors.xtom.de/centos-stream"">https</a> <a href=""rsync://mirrors.xtom.de/centos-stream"">rsync</a>",10000,No,
DK,"<a href=""http://easyspeedy.com/""> EasySpeedy </a>",mirror.easyspeedy.com,"Fedora Linux <a href=""http://mirror.easyspeedy.com/fedora"">http</a> <a href=""rsync://mirror.easyspeedy.com/fedora"">rsync</a>",1000,No,
DK,"<a href=""https://www.netsite.dk""> Netsite </a>",mirror.netsite.dk,"Fedora Linux <a href=""rsync://mirror.netsite.dk/fedora"">rsync</a> <a href=""https://mirror.netsite.dk/fedora/linux"">https</a> <a href=""http://mirror.netsite.dk/fedora/linux"">http</a> Fedora EPEL <a href=""rsync://mirror.netsite.dk/epel"">rsync</a> <a href=""https://mirror.netsite.dk/epel"">https</a> <a href=""http://mirror.netsite.dk/epel"">http</a> CentOS <a href=""http://mirror.netsite.dk/centos-stream"">http</a> <a href=""rsync://mirror.netsite.dk/centos-stream"">rsync</a> <a href=""https://mirror.netsite.dk/centos-stream"">https</a>",10000,No,
EC,"<a href=""https://www.cedia.edu.ec""> CEDIA </a>",mirror.cedia.org.ec,"Fedora Linux <a href=""https://mirror.cedia.org.ec/fedora/linux"">https</a> <a href=""rsync://mirror.cedia.org.ec/fedora/linux"">rsync</a> <a href=""http://mirror.cedia.org.ec/fedora/linux"">http</a> Fedora EPEL <a href=""https://mirror.cedia.org.ec/epel"">https</a> <a href=""http://mirror.cedia.org.ec/epel"">http</a> <a href=""rsync://mirror.cedia.org.ec/epel"">rsync</a>",1024,Yes,10Gbps to I2 / IPv6 and IPv4
ES,"<a href=""http://irtic.uv.es""> IRTIC/Universidad de Valencia </a>",mirror.uv.es,"Fedora Linux <a href=""http://mirror.uv.es/mirror/fedora/linux"">http</a> <a href=""rsync://mirror.uv.es/fedora"">rsync</a> Fedora EPEL <a href=""http://mirror.uv.es/mirror/fedora-epel"">http</a> <a href=""rsync://mirror.uv.es/fedora-epel"">rsync</a>",1000,Yes,IPv6 available
FI,"<a href=""http://www.nic.funet.fi""> ftp.funet.fi </a>",ftp.funet.fi,"Fedora Linux <a href=""rsync://rsync.nic.funet.fi/ftp/pub/mirrors/fedora.redhat.com/pub/fedora/linux"">rsync</a> <a href=""http://www.nic.funet.fi/pub/mirrors/fedora.redhat.com/pub/fedora/linux"">http</a> Fedora EPEL <a href=""http://www.nic.funet.fi/pub/mirrors/fedora.redhat.com/pub/epel"">http</a> <a href=""rsync://rsync.nic.funet.fi/ftp/pub/mirrors/fedora.redhat.com/pub/epel"">rsync</a>",10000,Yes,IPv6 also available
FR,"<a href=""http://www.ipsl.jussieu.fr/""> CNRS/IPSL </a>",distrib-coffee.ipsl.jussieu.fr,"Fedora Linux <a href=""rsync://distrib-coffee.ipsl.jussieu.fr/pub/linux/fedora/linux"">rsync</a> <a href=""http://distrib-coffee.ipsl.jussieu.fr/pub/linux/fedora/linux"">http</a>",1000,No,
FR,"<a href=""http://rpmfind.net""> fr2.rpmfind.net </a>",fr2.rpmfind.net,"Fedora Secondary Arches <a href=""https://fr2.rpmfind.net/linux/fedora-secondary"">https</a> <a href=""http://fr2.rpmfind.net/linux/fedora-secondary"">http</a> <a href=""rsync://fr2.rpmfind.net/linux/fedora-secondary"">rsync</a> Fedora EPEL <a href=""rsync://fr2.rpmfind.net/linux/epel"">rsync</a> <a href=""http://fr2.rpmfind.net/linux/epel"">http</a> <a href=""https://fr2.rpmfind.net/linux/epel"">https</a> Fedora Linux <a href=""https://fr2.rpmfind.net/linux/fedora/linux"">https</a> <a href=""http://fr2.rpmfind.net/linux/fedora/linux"">http</a> <a href=""rsync://fr2.rpmfind.net/linux/fedora/linux"">rsync</a> CentOS <a href=""http://fr2.rpmfind.net/linux/centos-stream"">http</a> <a href=""https://fr2.rpmfind.net/linux/centos-stream"">https</a> <a href=""rsync://fr2.rpmfind.net/linux/centos-stream"">rsync</a>",1000,Yes,
FR,"<a href=""http://www.lip6.fr/""> LIP6 </a>",ftp.lip6.fr,"Fedora Linux <a href=""http://ftp.lip6.fr/ftp/pub/linux/distributions/fedora"">http</a> <a href=""rsync://ftp.lip6.fr/Fedora"">rsync</a> <a href=""https://ftp.lip6.fr/ftp/pub/linux/distributions/fedora"">https</a>",1000,No,
FR,"<a href=""http://cc.in2p3.fr""> IN2P3 Computing Centre </a>",mirror.in2p3.fr,"Fedora Linux <a href=""http://mirror.in2p3.fr/pub/fedora/linux"">http</a> <a href=""rsync://mirror.in2p3.fr/pub/fedora/linux"">rsync</a> <a href=""https://mirror.in2p3.fr/pub/fedora/linux"">https</a> Fedora EPEL <a href=""http://mirror.in2p3.fr/pub/epel"">http</a> <a href=""rsync://mirror.in2p3.fr/pub/epel"">rsync</a> <a href=""https://mirror.in2p3.fr/pub/epel"">https</a> CentOS <a href=""http://mirror.in2p3.fr/pub/linux/centos-stream"">http</a> <a href=""rsync://mirror.in2p3.fr/pub/linux/centos-stream"">rsync</a> <a href=""https://mirror.in2p3.fr/pub/linux/centos-stream"">https</a>",20000,Yes,
GB,"<a href=""http://www.mirrorservice.org/""> University of Kent UK Mirror Service </a>",fedora.mirrorservice.org,"Fedora Linux <a href=""https://fedora.mirrorservice.org/fedora/linux"">https</a> <a href=""http://fedora.mirrorservice.org/fedora/linux"">http</a> <a href=""rsync://rsync.mirrorservice.org/dl.fedoraproject.org/pub/fedora/linux"">rsync</a> Fedora EPEL <a href=""https://fedora.mirrorservice.org/epel"">https</a> <a href=""http://fedora.mirrorservice.org/epel"">http</a> <a href=""rsync://rsync.mirrorservice.org/dl.fedoraproject.org/pub/epel"">rsync</a>",10000,No,IPv4/IPv6 - Provided by The University of Kent
GB,"<a href=""https://www.rackspace.com""> Rackspace </a>",lon.mirror.rackspace.com,"Fedora Linux <a href=""http://lon.mirror.rackspace.com/fedora"">http</a> <a href=""rsync://lon.mirror.rackspace.com/fedora"">rsync</a> <a href=""https://lon.mirror.rackspace.com/fedora"">https</a> Fedora EPEL <a href=""https://lon.mirror.rackspace.com/epel"">https</a> <a href=""http://lon.mirror.rackspace.com/epel"">http</a> <a href=""rsync://lon.mirror.rackspace.com/epel"">rsync</a> CentOS <a href=""rsync://lon.mirror.rackspace.com/centos-stream"">rsync</a> <a href=""http://lon.mirror.rackspace.com/centos-stream"">http</a> <a href=""https://lon.mirror.rackspace.com/centos-stream"">https</a>",1000,No,
GR,"<a href=""http://www.physics.uoc.gr""> UOC </a>",ftp.cc.uoc.gr,"Fedora Linux <a href=""rsync://ftp.cc.uoc.gr/fedora/linux"">rsync</a> <a href=""http://ftp.cc.uoc.gr/pub/linux/fedora/linux"">http</a> <a href=""https://ftp.cc.uoc.gr/pub/linux/fedora/linux"">https</a> Fedora EPEL <a href=""rsync://ftp.cc.uoc.gr/epel"">rsync</a> <a href=""http://ftp.cc.uoc.gr/pub/linux/epel"">http</a> <a href=""https://ftp.cc.uoc.gr/pub/linux/epel"">https</a> CentOS <a href=""http://ftp.cc.uoc.gr/mirrors/linux/centos-stream"">http</a> <a href=""https://ftp.cc.uoc.gr/mirrors/linux/centos-stream"">https</a>",1000,No,IPv6 enabled
HK,"<a href=""https://www.rackspace.com""> Rackspace </a>",hkg.mirror.rackspace.com,"Fedora Linux <a href=""http://hkg.mirror.rackspace.com/fedora"">http</a> <a href=""https://hkg.mirror.rackspace.com/fedora"">https</a> <a href=""rsync://hkg.mirror.rackspace.com/fedora"">rsync</a> Fedora EPEL <a href=""https://hkg.mirror.rackspace.com/epel"">https</a> <a href=""rsync://hkg.mirror.rackspace.com/epel"">rsync</a> <a href=""http://hkg.mirror.rackspace.com/epel"">http</a> CentOS <a href=""rsync://hkg.mirror.rackspace.com/centos-stream"">rsync</a> <a href=""http://hkg.mirror.rackspace.com/centos-stream"">http</a> <a href=""https://hkg.mirror.rackspace.com/centos-stream"">https</a>",1000,No,
ID,"<a href=""http://www.angkasa.net.id""> mirror.angkasa.id </a>",fedora.mirror.angkasa.id,"Fedora EPEL <a href=""rsync://epel.mirror.angkasa.id/fedora-epel"">rsync</a> <a href=""http://epel.mirror.angkasa.id/pub/epel"">http</a> Fedora Linux <a href=""rsync://fedora.mirror.angkasa.id/fedora-enchilada/linux"">rsync</a> <a href=""http://fedora.mirror.angkasa.id/pub/fedora/linux"">http</a> Fedora Secondary Arches <a href=""http://fedora.mirror.angkasa.id/pub/fedora-secondary"">http</a> <a href=""rsync://fedora.mirror.angkasa.id/fedora-secondary"">rsync</a> Fedora Other <a href=""rsync://altfedora.mirror.angkasa.id/fedora-alt"">rsync</a> <a href=""http://altfedora.mirror.angkasa.id/pub/alt"">http</a>",10000,No,10Gbps via OpenIXP & JKTIX
IS,"<a href=""https://www.ok.is""> Opin Kerfi </a>",fedora.is,"Fedora Linux <a href=""https://www.fedora.is/fedora"">https</a> <a href=""http://www.fedora.is/fedora"">http</a> <a href=""rsync://www.fedora.is/fedora"">rsync</a> Fedora EPEL <a href=""https://www.fedora.is/fedora/epel"">https</a> <a href=""http://www.fedora.is/fedora/epel"">http</a> <a href=""rsync://www.fedora.is/fedora/epel"">rsync</a>",1000,No,
JP,"<a href=""http://www.iij.ad.jp""> Internet Initiative Japan Inc. </a>",ftp.iij.ad.jp,"Fedora Archive <a href=""http://ftp.iij.ad.jp/pub/linux/Fedora/archive"">http</a> <a href=""rsync://ftp.iij.ad.jp/pub/linux/Fedora/archive"">rsync</a> Fedora Linux <a href=""http://ftp.iij.ad.jp/pub/linux/Fedora/fedora/linux"">http</a> <a href=""rsync://ftp.iij.ad.jp/pub/linux/Fedora/fedora/linux"">rsync</a> Fedora EPEL <a href=""http://ftp.iij.ad.jp/pub/linux/Fedora/epel"">http</a> <a href=""rsync://ftp.iij.ad.jp/pub/linux/Fedora/epel"">rsync</a>",10000,No,
JP,"<a href=""https://www.iij.ad.jp""> Internet Initiative Japan </a>",ftp.iij.ad.jp,"Fedora Linux <a href=""http://ftp.iij.ad.jp/pub/linux/Fedora"">http</a> <a href=""rsync://ftp.iij.ad.jp/pub/linux/Fedora"">rsync</a> <a href=""https://ftp.iij.ad.jp/pub/linux/Fedora"">https</a> CentOS <a href=""https://ftp.iij.ad.jp/pub/linux/centos-stream"">https</a> <a href=""rsync://ftp.iij.ad.jp/pub/linux/centos-stream"">rsync</a> <a href=""http://ftp.iij.ad.jp/pub/linux/centos-stream"">http</a>",10000,No,
JP,"<a href=""http://www.riken.jp/en/""> RIKEN </a>",ftp.riken.jp,"Fedora Linux <a href=""http://ftp.riken.jp/Linux/fedora"">http</a> <a href=""rsync://ftp.riken.jp/fedora"">rsync</a> <a href=""https://ftp.riken.jp/Linux/fedora"">https</a> Fedora EPEL <a href=""http://ftp.riken.jp/Linux/fedora/epel"">http</a> <a href=""rsync://ftp.riken.jp/fedora/epel"">rsync</a> <a href=""https://ftp.riken.jp/Linux/fedora/epel"">https</a> CentOS <a href=""http://ftp.riken.jp/Linux/centos-stream"">http</a> <a href=""https://ftp.riken.jp/Linux/centos-stream"">https</a> <a href=""rsync://ftp.riken.jp/centos-stream"">rsync</a>",10000,No,
JP,"<a href=""http://www.yamagata-u.ac.jp/""> Yamagata University </a>",ftp.yz.yamagata-u.ac.jp,"Fedora Linux <a href=""https://ftp.yz.yamagata-u.ac.jp/pub/linux/fedora-projects/fedora/linux"">https</a> <a href=""http://ftp.yz.yamagata-u.ac.jp/pub/linux/fedora-projects/fedora/linux"">http</a> <a href=""rsync://ftp.yz.yamagata-u.ac.jp/pub/linux/fedora-projects/fedora/linux"">rsync</a> Fedora EPEL <a href=""http://ftp.yz.yamagata-u.ac.jp/pub/linux/fedora-projects/epel"">http</a> <a href=""https://ftp.yz.yamagata-u.ac.jp/pub/linux/fedora-projects/epel"">https</a> <a href=""rsync://ftp.yz.yamagata-u.ac.jp/pub/linux/fedora-projects/epel"">rsync</a> CentOS <a href=""rsync://ftp.yz.yamagata-u.ac.jp/pub/linux/centos-stream"">rsync</a> <a href=""http://ftp.yz.yamagata-u.ac.jp/pub/linux/centos-stream"">http</a> <a href=""https://ftp.yz.yamagata-u.ac.jp/pub/linux/centos-stream"">https</a>",10000,No,IPv6 Enabled
KE,"<a href=""https://www.liquid.tech""> Liquid Telecom </a>",fedora.mirror.liquidtelecom.com,"Fedora Linux <a href=""http://fedora.mirror.liquidtelecom.com/fedora/linux"">http</a> <a href=""rsync://fedora.mirror.liquidtelecom.com/fedora-enchilada/linux"">rsync</a> <a href=""https://fedora.mirror.liquidtelecom.com/fedora/linux"">https</a>",20000,No,
KZ,"<a href=""https://www.ps.kz""> mirror.ps.kz </a>",mirror.ps.kz,"Fedora EPEL <a href=""rsync://mirror.ps.kz/fedora-epel"">rsync</a> <a href=""http://mirror.ps.kz/epel"">http</a> <a href=""https://mirror.ps.kz/epel"">https</a> Fedora Linux <a href=""http://mirror.ps.kz/fedora"">http</a> <a href=""https://mirror.ps.kz/fedora"">https</a> <a href=""rsync://mirror.ps.kz/fedora-enchilada"">rsync</a> CentOS <a href=""http://mirror.ps.kz/centos-stream"">http</a> <a href=""https://mirror.ps.kz/centos-stream"">https</a> <a href=""rsync://mirror.ps.kz/centos-stream"">rsync</a>",1000,No,IPv6 enabled
LT,"<a href=""https://www.vpsnet.com""> mirror.vpsnet.com </a>",mirror.vpsnet.com,"Fedora Linux <a href=""http://mirror.vpsnet.com/fedora/linux"">http</a> <a href=""https://mirror.vpsnet.com/fedora/linux"">https</a> Fedora EPEL <a href=""http://mirror.vpsnet.com/epel"">http</a> <a href=""https://mirror.vpsnet.com/epel"">https</a>",10000,No,"IPV6 enabled, SSL enabled VPSnet.com"
LU,"<a href=""http://root.lu""> fedora.mirror.root.lu </a>",fedora.mirror.root.lu,"Fedora Linux <a href=""http://fedora.mirror.root.lu"">http</a>",1000,Yes,IPv4 and IPv6
MD,"<a href=""http://www.fedora.md/""> FedoraMD </a>",repo.fedora.md,"Fedora Linux <a href=""rsync://repo.fedora.md/fedora/linux"">rsync</a> <a href=""http://repo.fedora.md/fedora/linux"">http</a> Fedora EPEL <a href=""rsync://repo.fedora.md/epel"">rsync</a> <a href=""http://repo.fedora.md/mirrors/epel"">http</a>",300,No,x86_64 only
NL,"<a href=""https://www.kernel.org""> mirrors.kernel.org </a>",eu.edge.kernel.org,"Fedora Linux <a href=""https://eu.edge.kernel.org/fedora"">https</a> Fedora EPEL <a href=""https://eu.edge.kernel.org/fedora-epel"">https</a>",10000,No,Equinix metal host in Amsterdam
NL,"<a href=""https://www.wearetriple.com""> Triple </a>",fedora.mirror.wearetriple.com,"Fedora Linux <a href=""http://fedora.mirror.wearetriple.com/linux"">http</a> <a href=""https://fedora.mirror.wearetriple.com/linux"">https</a>",10000,No,
NL,"<a href=""http://www.nluug.nl""> NLUUG-SURFnet </a>",ftp.nluug.nl,"Fedora EPEL <a href=""rsync://ftp.nluug.nl/fedora-epel"">rsync</a> <a href=""http://ftp.nluug.nl/pub/os/Linux/distr/fedora-epel"">http</a> Fedora Linux <a href=""rsync://ftp.nluug.nl/Fedora/linux"">rsync</a> <a href=""http://ftp.nluug.nl/pub/os/Linux/distr/fedora/linux"">http</a> Fedora Secondary Arches <a href=""http://ftp.nluug.nl/os/Linux/distr/fedora-secondary"">http</a> <a href=""rsync://ftp.nluug.nl/fedora-secondary"">rsync</a>",4000,No,Supports IPv6
NL,"<a href=""https://www.liteserver.nl""> LiteServer </a>",mirror.liteserver.nl,"Fedora Linux <a href=""http://fedora.mirror.liteserver.nl/linux"">http</a> <a href=""rsync://mirror.liteserver.nl/fedora/linux"">rsync</a> <a href=""https://fedora.mirror.liteserver.nl/linux"">https</a> Fedora EPEL <a href=""http://epel.mirror.liteserver.nl"">http</a> <a href=""https://epel.mirror.liteserver.nl"">https</a> <a href=""rsync://mirror.liteserver.nl/epel"">rsync</a>",10000,No,IPv6 support
NL,"<a href=""http://www.leaseweb.com""> LeaseWeb </a>",mirror.nl.leaseweb.net,"Fedora Linux <a href=""rsync://mirror.nl.leaseweb.net/fedora/linux"">rsync</a> <a href=""http://mirror.nl.leaseweb.net/fedora/linux"">http</a> Fedora EPEL <a href=""http://mirror.nl.leaseweb.net/epel"">http</a> <a href=""rsync://mirror.nl.leaseweb.net/epel"">rsync</a>",4000,No,supports IPv6
NL,"<a href=""https://www.serverion.com""> Serverion </a>",mirror.serverion.com,"Fedora Linux <a href=""http://mirror.serverion.com/fedora"">http</a> <a href=""https://mirror.serverion.com/fedora"">https</a> <a href=""rsync://mirror.serverion.com/fedora"">rsync</a> Fedora EPEL <a href=""http://mirror.serverion.com/epel"">http</a> <a href=""rsync://mirror.serverion.com/epel"">rsync</a> <a href=""https://mirror.serverion.com/epel"">https</a> CentOS <a href=""http://mirror.serverion.com/centos-stream"">http</a> <a href=""https://mirror.serverion.com/centos-stream"">https</a> <a href=""rsync://mirror.serverion.com/centos-stream"">rsync</a>",40000,Yes,Serverion Mirror Service
NZ,"<a href=""https://2degrees.nz""> 2degrees </a>",mirror.2degrees.nz,"Fedora Linux <a href=""rsync://mirror.2degrees.nz/fedora-enchilada/linux"">rsync</a> <a href=""http://mirror.2degrees.nz/fedora/linux"">http</a> <a href=""https://mirror.2degrees.nz/fedora/linux"">https</a> Fedora EPEL <a href=""http://mirror.2degrees.nz/fedora-epel"">http</a> <a href=""https://mirror.2degrees.nz/fedora-epel"">https</a> <a href=""rsync://mirror.2degrees.nz/fedora-buffet/epel"">rsync</a> Fedora Secondary Arches <a href=""http://mirror.2degrees.nz/fedora-secondary"">http</a> <a href=""https://mirror.2degrees.nz/fedora-secondary"">https</a> <a href=""rsync://mirror.2degrees.nz/fedora-buffet/fedora-secondary"">rsync</a> Fedora Other <a href=""rsync://mirror.2degrees.nz/fedora-buffet/alt"">rsync</a> <a href=""http://mirror.2degrees.nz/fedora-alt"">http</a> <a href=""https://mirror.2degrees.nz/fedora-alt"">https</a> Fedora Archive <a href=""rsync://mirror.2degrees.nz/fedora-buffet/archive"">rsync</a> <a href=""https://mirror.2degrees.nz/fedora-archive"">https</a> <a href=""http://mirror.2degrees.nz/fedora-archive"">http</a> CentOS <a href=""rsync://mirror.2degrees.nz/centos-stream"">rsync</a> <a href=""http://mirror.2degrees.nz/centos-stream"">http</a> <a href=""https://mirror.2degrees.nz/centos-stream"">https</a>",10000,No,
PT,"<a href=""http://www.dei.uc.pt""> DEI-FCT-UC </a>",ftp.dei.uc.pt,"Fedora Linux <a href=""http://ftp.dei.uc.pt/pub/linux/fedora"">http</a>",1000,No,Departament Informatics Engineering - University of Coimbra
PT,"<a href=""https://www.ptisp.pt""> mirrors.ptisp.pt </a>",mirrors.ptisp.pt,"Fedora Linux <a href=""https://mirrors.ptisp.pt/fedora"">https</a> <a href=""http://mirrors.ptisp.pt/fedora"">http</a> <a href=""rsync://mirrors.ptisp.pt/fedora"">rsync</a> Fedora EPEL <a href=""rsync://mirrors.ptisp.pt/epel"">rsync</a> <a href=""https://mirrors.ptisp.pt/epel"">https</a> <a href=""http://mirrors.ptisp.pt/epel"">http</a> CentOS <a href=""http://mirrors.ptisp.pt/centos-stream"">http</a> <a href=""https://mirrors.ptisp.pt/centos-stream"">https</a> <a href=""rsync://mirrors.ptisp.pt/centos-stream"">rsync</a>",10000,Yes,
RO,"<a href=""https://www.nav.ro""> NAV Communications </a>",mirrors.nav.ro,"Fedora Linux <a href=""http://mirrors.nav.ro/fedora/linux"">http</a> <a href=""rsync://mirrors.nav.ro/fedora-enchilada"">rsync</a> Fedora EPEL <a href=""rsync://mirrors.nav.ro/fedora-epel"">rsync</a> <a href=""http://mirrors.nav.ro/epel"">http</a>",10240,No,NAV Communications Data Center
RS,"<a href=""https://www.etf.bg.ac.rs/en""> ETF Mirror </a>",mirror.etf.bg.ac.rs,"Fedora Linux <a href=""http://mirror.etf.bg.ac.rs/fedora"">http</a> Fedora EPEL <a href=""http://mirror.etf.bg.ac.rs/epel"">http</a>",1000,No,"Computing Center, School of Electrical Engineering, Belgrade, Serbia"
RU,"<a href=""http://ia64-linux.org""> ia64-linux.org </a>",mirror.linux-ia64.org,"Fedora Linux <a href=""http://mirror.linux-ia64.org/fedora/linux"">http</a> <a href=""rsync://rsync.mirror.linux-ia64.org/fedora"">rsync</a> <a href=""https://mirror.linux-ia64.org/fedora/linux"">https</a> Fedora EPEL <a href=""http://mirror.linux-ia64.org/epel"">http</a> <a href=""rsync://rsync.mirror.linux-ia64.org/epel"">rsync</a> <a href=""https://mirror.linux-ia64.org/epel"">https</a>",1024,No,IPv4 / IPv6
RU,"<a href=""http://www.yandex.com""> Yandex </a>",mirror.yandex.ru,"Fedora EPEL <a href=""rsync://mirror.yandex.ru/epel"">rsync</a> <a href=""http://mirror.yandex.ru/epel"">http</a> <a href=""https://mirror.yandex.ru/epel"">https</a> Fedora Linux <a href=""http://mirror.yandex.ru/fedora/linux"">http</a> <a href=""rsync://mirror.yandex.ru/fedora/linux"">rsync</a> <a href=""https://mirror.yandex.ru/fedora/linux"">https</a> Fedora Secondary Arches <a href=""https://mirror.yandex.ru/fedora-secondary"">https</a> <a href=""http://mirror.yandex.ru/fedora-secondary"">http</a> <a href=""rsync://mirror.yandex.ru/fedora-secondary"">rsync</a>",10000,No,"IPv4, IPv6, Russia, Finland"
SE,"<a href=""http://www.acc.umu.se""> Academic Computer Club </a>",ftp.acc.umu.se,"Fedora Linux <a href=""https://ftp.acc.umu.se/mirror/fedora/linux"">https</a> <a href=""http://ftp.acc.umu.se/mirror/fedora/linux"">http</a> <a href=""rsync://ftp.acc.umu.se/mirror/fedora/linux"">rsync</a> Fedora EPEL <a href=""https://ftp.acc.umu.se/mirror/fedora/epel"">https</a> <a href=""http://ftp.acc.umu.se/mirror/fedora/epel"">http</a> <a href=""rsync://ftp.acc.umu.se/mirror/fedora/epel"">rsync</a>",20000,Yes,"ACC, SUNET, IPv6"
SE,"<a href=""http://www.lysator.liu.se/english""> Lysator </a>",ftp.lysator.liu.se,"Fedora Linux <a href=""https://ftp.lysator.liu.se/pub/fedora/linux"">https</a> <a href=""http://ftp.lysator.liu.se/pub/fedora/linux"">http</a> <a href=""rsync://ftp.lysator.liu.se/pub/fedora/linux"">rsync</a> Fedora EPEL <a href=""http://ftp.lysator.liu.se/pub/epel"">http</a> <a href=""https://ftp.lysator.liu.se/pub/epel"">https</a> <a href=""rsync://ftp.lysator.liu.se/pub/epel"">rsync</a>",10000,Yes,"IPv4/IPv6 - Hosted by Lysator ACS, Link√∂ping, Sweden"
SG,"<a href=""https://download.nus.edu.sg""> Download@NUS </a>",download.nus.edu.sg,"Fedora Linux <a href=""https://download.nus.edu.sg/mirror/fedora/linux"">https</a> <a href=""http://download.nus.edu.sg/mirror/fedora/linux"">http</a> <a href=""rsync://download.nus.edu.sg/fedora/linux"">rsync</a> Fedora EPEL <a href=""rsync://download.nus.edu.sg/epel"">rsync</a> <a href=""https://download.nus.edu.sg/mirror/epel"">https</a> <a href=""http://download.nus.edu.sg/mirror/epel"">http</a>",1000,No,
SK,"<a href=""http://www.upjs.sk/""> ftp.upjs.sk </a>",ftp.upjs.sk,"Fedora Linux <a href=""https://ftp.upjs.sk/pub/fedora/linux"">https</a> <a href=""http://ftp.upjs.sk/pub/fedora/linux"">http</a> <a href=""rsync://ftp.upjs.sk/pub/fedora/linux"">rsync</a> Fedora EPEL <a href=""https://ftp.upjs.sk/pub/mirrors/epel"">https</a> <a href=""rsync://ftp.upjs.sk/pub/mirrors/epel"">rsync</a> <a href=""http://ftp.upjs.sk/pub/mirrors/epel"">http</a> CentOS <a href=""http://ftp.upjs.sk/pub/centos-stream"">http</a> <a href=""https://ftp.upjs.sk/pub/centos-stream"">https</a>",1000,Yes,
TH,"<a href=""http://www.tot.co.th""> TOT Public Company Limited </a>",mirror2.totbb.net,"Fedora Linux <a href=""http://mirror2.totbb.net/fedora/linux"">http</a> <a href=""rsync://mirror2.totbb.net/fedora/linux"">rsync</a> Fedora EPEL <a href=""http://mirror2.totbb.net/epel"">http</a> <a href=""rsync://mirror2.totbb.net/epel"">rsync</a>",1000,Yes,TOT Mirror (Supports IPv4/IPv6)
TH,"<a href=""https://www.nipa.cloud""> NIPA.CLOUD 1st Cloud Thailand </a>",mirrors.nipa.cloud,"Fedora Linux <a href=""http://mirrors.nipa.cloud/fedora"">http</a> <a href=""rsync://mirrors.nipa.cloud/fedora"">rsync</a> Fedora EPEL <a href=""http://mirrors.nipa.cloud/epel"">http</a> <a href=""rsync://mirrors.nipa.cloud/epel"">rsync</a>",10240,Yes,"IPv6 ready, Power by Nipa.cloud"
TR,"<a href=""http://www.iyte.edu.tr""> Izmir Yuksek Teknoloji Enstitusu </a>",linus.iyte.edu.tr,"Fedora Linux <a href=""http://linus.iyte.edu.tr/linux/fedora/linux"">http</a>",1000,No,Izmir Yuksek Teknoloji Enstitusu - Turgut Kalfaoglu
UA,"<a href=""https://ip-connect.info""> IP-Connect.info </a>",fedora.ip-connect.info,"Fedora Linux <a href=""http://fedora.ip-connect.info/linux"">http</a> <a href=""https://fedora.ip-connect.info/linux"">https</a> <a href=""rsync://fedora.ip-connect.info/fedora/linux"">rsync</a>",20000,No,2*10G IPv4+IPv6
US,"<a href=""https://fcix.net""> Fremont Cabal Internet Exchange </a>",abqix.mm.fcix.net,"Fedora Linux <a href=""https://abqix.mm.fcix.net/fedora/linux"">https</a> <a href=""rsync://abqix.mm.fcix.net/fedora-enchilada/linux"">rsync</a> <a href=""http://abqix.mm.fcix.net/fedora/linux"">http</a> Fedora EPEL <a href=""http://abqix.mm.fcix.net/epel"">http</a> <a href=""https://abqix.mm.fcix.net/epel"">https</a> <a href=""rsync://abqix.mm.fcix.net/fedora-epel"">rsync</a>",1000,No,
US,"<a href=""https://fcix.net""> Fremont Cabal Internet Exchange </a>",codingflyboy.mm.fcix.net,"Fedora Linux <a href=""https://codingflyboy.mm.fcix.net/fedora/linux"">https</a> <a href=""http://codingflyboy.mm.fcix.net/fedora/linux"">http</a> <a href=""rsync://codingflyboy.mm.fcix.net/fedora-enchilada/linux"">rsync</a> Fedora EPEL <a href=""rsync://codingflyboy.mm.fcix.net/fedora-epel"">rsync</a> <a href=""http://codingflyboy.mm.fcix.net/epel"">http</a> <a href=""https://codingflyboy.mm.fcix.net/epel"">https</a>",1000,No,
US,"<a href=""https://fcix.net""> Fremont Cabal Internet Exchange </a>",coresite.mm.fcix.net,"Fedora Linux <a href=""https://coresite.mm.fcix.net/fedora/linux"">https</a> <a href=""http://coresite.mm.fcix.net/fedora/linux"">http</a> <a href=""rsync://coresite.mm.fcix.net/fedora-enchilada/linux"">rsync</a> Fedora EPEL <a href=""https://coresite.mm.fcix.net/epel"">https</a> <a href=""http://coresite.mm.fcix.net/epel"">http</a> <a href=""rsync://coresite.mm.fcix.net/fedora-epel"">rsync</a>",1000,No,
US,"<a href=""https://www.rackspace.com""> Rackspace </a>",dfw.mirror.rackspace.com,"Fedora Linux <a href=""http://dfw.mirror.rackspace.com/fedora"">http</a> <a href=""https://dfw.mirror.rackspace.com/fedora"">https</a> <a href=""rsync://dfw.mirror.rackspace.com/fedora"">rsync</a> Fedora EPEL <a href=""http://dfw.mirror.rackspace.com/epel"">http</a> <a href=""https://dfw.mirror.rackspace.com/epel"">https</a> <a href=""rsync://dfw.mirror.rackspace.com/epel"">rsync</a> CentOS <a href=""https://dfw.mirror.rackspace.com/centos-stream"">https</a> <a href=""http://dfw.mirror.rackspace.com/centos-stream"">http</a> <a href=""rsync://dfw.mirror.rackspace.com/centos-stream"">rsync</a>",1000,No,
US,"<a href=""http://www.redhat.com""> Red Hat </a>",download-cc-rdu01.fedoraproject.org,"Fedora EPEL <a href=""https://download-cc-rdu01.fedoraproject.org/pub/epel"">https</a> <a href=""rsync://download-cc-rdu01.fedoraproject.org/fedora-epel"">rsync</a> <a href=""http://download-cc-rdu01.fedoraproject.org/pub/epel"">http</a> Fedora Secondary Arches <a href=""https://download-cc-rdu01.fedoraproject.org/pub/fedora-secondary"">https</a> Fedora Linux <a href=""https://download-cc-rdu01.fedoraproject.org/pub/fedora/linux"">https</a> <a href=""http://download-cc-rdu01.fedoraproject.org/pub/fedora/linux"">http</a> <a href=""rsync://download-cc-rdu01.fedoraproject.org/fedora-enchilada/linux"">rsync</a> CentOS <a href=""https://download-cc-rdu01.fedoraproject.org/pub/centos-stream"">https</a> <a href=""rsync://download-cc-rdu01.fedoraproject.org/centos-stream"">rsync</a>",1000,No,
US,"<a href=""http://www.redhat.com""> Red Hat </a>",download-ib01.fedoraproject.org,"Fedora Linux <a href=""http://download-ib01.fedoraproject.org/pub/fedora/linux"">http</a> <a href=""rsync://download-ib01.fedoraproject.org/fedora-enchilada/linux"">rsync</a> <a href=""https://download-ib01.fedoraproject.org/pub/fedora/linux"">https</a> Fedora Secondary Arches <a href=""http://download-ib01.fedoraproject.org/pub/fedora-secondary"">http</a> <a href=""rsync://download-ib01.fedoraproject.org/fedora-buffet/fedora-secondary"">rsync</a> <a href=""https://download-ib01.fedoraproject.org/pub/fedora-secondary"">https</a>",7000,Yes,ibiblio.org / Chapel Hill NC
US,"<a href=""http://www.constant.com""> Constant.com </a>",fedora.mirror.constant.com,"Fedora Linux <a href=""http://fedora.mirror.constant.com/fedora/linux"">http</a> <a href=""https://fedora.mirror.constant.com/fedora/linux"">https</a>",10000,No,IPv6 enabled
US,"<a href=""https://fcix.net""> Fremont Cabal Internet Exchange </a>",forksystems.mm.fcix.net,"Fedora Linux <a href=""http://forksystems.mm.fcix.net/fedora/linux"">http</a> <a href=""https://forksystems.mm.fcix.net/fedora/linux"">https</a> <a href=""rsync://forksystems.mm.fcix.net/fedora-enchilada/linux"">rsync</a> Fedora EPEL <a href=""http://forksystems.mm.fcix.net/epel"">http</a> <a href=""rsync://forksystems.mm.fcix.net/fedora-epel"">rsync</a> <a href=""https://forksystems.mm.fcix.net/epel"">https</a> CentOS <a href=""rsync://forksystems.mm.fcix.net/centos-stream"">rsync</a> <a href=""http://forksystems.mm.fcix.net/centos-stream"">http</a> <a href=""https://forksystems.mm.fcix.net/centos-stream"">https</a>",10000,No,
US,"<a href=""https://osuosl.org""> Oregon State University Open Source Lab </a>",ftp-chi.osuosl.org,"CentOS <a href=""http://ftp-chi.osuosl.org/pub/centos-stream"">http</a> <a href=""https://ftp-chi.osuosl.org/pub/centos-stream"">https</a> <a href=""rsync://ftp-chi.osuosl.org/centos-stream"">rsync</a> Fedora Linux <a href=""https://ftp-chi.osuosl.org/pub/fedora/linux"">https</a> <a href=""http://ftp-chi.osuosl.org/pub/fedora/linux"">http</a> <a href=""rsync://ftp-chi.osuosl.org/fedora/linux"">rsync</a> Fedora EPEL <a href=""https://ftp-chi.osuosl.org/pub/fedora-epel"">https</a> <a href=""http://ftp-chi.osuosl.org/pub/fedora-epel"">http</a> <a href=""rsync://ftp-chi.osuosl.org/fedora-epel"">rsync</a>",10000,No,"Chicago, IL"
US,"<a href=""http://www.cse.buffalo.edu/""> cse.buffalo.edu </a>",ftp.cse.buffalo.edu,"Fedora Linux <a href=""http://ftp.cse.buffalo.edu/pub/fedora/linux"">http</a> Fedora EPEL <a href=""http://ftp.cse.buffalo.edu/pub/epel"">http</a>",100,No,
US,"<a href=""https://osuosl.org""> Oregon State University Open Source Lab </a>",ftp-nyc.osuosl.org,"CentOS <a href=""http://ftp-nyc.osuosl.org/pub/centos-stream"">http</a> <a href=""https://ftp-nyc.osuosl.org/pub/centos-stream"">https</a> <a href=""rsync://ftp-nyc.osuosl.org/centos-stream"">rsync</a> Fedora Linux <a href=""rsync://ftp-nyc.osuosl.org/fedora/linux"">rsync</a> <a href=""https://ftp-nyc.osuosl.org/pub/fedora/linux"">https</a> <a href=""http://ftp-nyc.osuosl.org/pub/fedora/linux"">http</a> Fedora EPEL <a href=""rsync://ftp-nyc.osuosl.org/fedora-epel"">rsync</a> <a href=""https://ftp-nyc.osuosl.org/pub/fedora-epel"">https</a> <a href=""http://ftp-nyc.osuosl.org/pub/fedora-epel"">http</a>",10000,No,"New York, NY"
US,"<a href=""https://osuosl.org""> Oregon State University Open Source Lab </a>",ftp-osl.osuosl.org,"Fedora EPEL <a href=""rsync://ftp-osl.osuosl.org/fedora-epel"">rsync</a> <a href=""https://ftp-osl.osuosl.org/pub/fedora-epel"">https</a> <a href=""http://ftp-osl.osuosl.org/pub/fedora-epel"">http</a> Fedora Linux <a href=""rsync://ftp-osl.osuosl.org/fedora/linux"">rsync</a> <a href=""https://ftp-osl.osuosl.org/pub/fedora/linux"">https</a> <a href=""http://ftp-osl.osuosl.org/pub/fedora/linux"">http</a> CentOS <a href=""http://ftp-osl.osuosl.org/pub/centos-stream"">http</a> <a href=""https://ftp-osl.osuosl.org/pub/centos-stream"">https</a> <a href=""rsync://ftp-osl.osuosl.org/centos-stream"">rsync</a>",10000,Yes,"Corvallis, OR"
US,"<a href=""http://ftp.usf.edu""> University of South Florida </a>",ftp.usf.edu,"Fedora Linux <a href=""http://ftp.usf.edu/pub/fedora/linux"">http</a>",200,Yes,IPv6 enabled and Internet2 connected/preferred
US,"<a href=""https://www.rackspace.com""> Rackspace </a>",iad.mirror.rackspace.com,"Fedora Linux <a href=""http://iad.mirror.rackspace.com/fedora"">http</a> <a href=""https://iad.mirror.rackspace.com/fedora"">https</a> <a href=""rsync://iad.mirror.rackspace.com/fedora"">rsync</a> Fedora EPEL <a href=""https://iad.mirror.rackspace.com/epel"">https</a> <a href=""rsync://iad.mirror.rackspace.com/epel"">rsync</a> <a href=""http://iad.mirror.rackspace.com/epel"">http</a> CentOS <a href=""rsync://iad.mirror.rackspace.com/centos-stream"">rsync</a> <a href=""https://iad.mirror.rackspace.com/centos-stream"">https</a> <a href=""http://iad.mirror.rackspace.com/centos-stream"">http</a>",1000,No,
US,"<a href=""https://www.arizona.edu""> University of Arizona </a>",mirror.arizona.edu,"Fedora Linux <a href=""http://mirror.arizona.edu/fedora/linux"">http</a> <a href=""https://mirror.arizona.edu/fedora/linux"">https</a> <a href=""rsync://mirror.arizona.edu/fedora/linux"">rsync</a> Fedora EPEL <a href=""http://mirror.arizona.edu/fedora-epel"">http</a> <a href=""https://mirror.arizona.edu/fedora-epel"">https</a> <a href=""rsync://mirror.arizona.edu/fedora-epel"">rsync</a>",10000,Yes,
US,"<a href=""http://www.cogentco.com""> cogentco.com </a>",mirror.cogentco.com,"Fedora Linux <a href=""http://mirror.cogentco.com/pub/linux/fedora/linux"">http</a> <a href=""rsync://mirror.cogentco.com/fedora-enchilada"">rsync</a> Fedora EPEL <a href=""rsync://mirror.cogentco.com/fedora-epel"">rsync</a> <a href=""http://mirror.cogentco.com/pub/linux/epel"">http</a>",1000,No,
US,"<a href=""https://datto.com/""> Datto, Inc. (West Chester, PA, US) </a>",mirror.datto.com,"Fedora Secondary Arches <a href=""rsync://mirror.datto.com/fedora-secondary"">rsync</a> <a href=""http://mirror.datto.com/fedora/secondary"">http</a> Fedora Linux <a href=""rsync://mirror.datto.com/fedora-primary"">rsync</a> <a href=""http://mirror.datto.com/fedora/primary"">http</a> Fedora EPEL <a href=""rsync://mirror.datto.com/fedora-epel"">rsync</a> <a href=""http://mirror.datto.com/fedora/epel"">http</a> CentOS <a href=""http://mirror.datto.com/CentOS-Stream"">http</a> <a href=""rsync://mirror.datto.com/centos-stream"">rsync</a>",1000,No,
US,"<a href=""https://engineering.fb.com""> Facebook </a>",mirror.facebook.net,"Fedora Linux <a href=""http://mirror.facebook.net/fedora/linux"">http</a> <a href=""rsync://mirror.facebook.net/fedora/linux"">rsync</a> <a href=""https://mirror.facebook.net/fedora/linux"">https</a> Fedora EPEL <a href=""rsync://mirror.facebook.net/fedora/epel"">rsync</a> <a href=""https://mirror.facebook.net/fedora/epel"">https</a> <a href=""http://mirror.facebook.net/fedora/epel"">http</a> CentOS <a href=""http://mirror.facebook.net/centos-stream"">http</a> <a href=""https://mirror.facebook.net/centos-stream"">https</a> <a href=""rsync://mirror.facebook.net/centos-stream"">rsync</a>",2000,No,
US,"<a href=""https://fcix.net""> Fremont Cabal Internet Exchange </a>",mirror.fcix.net,"Fedora Linux <a href=""http://mirror.fcix.net/fedora/linux"">http</a> <a href=""rsync://mirror.fcix.net/fedora-buffet/fedora/linux"">rsync</a> <a href=""https://mirror.fcix.net/fedora/linux"">https</a> Fedora EPEL <a href=""https://mirror.fcix.net/epel"">https</a> <a href=""http://mirror.fcix.net/epel"">http</a> <a href=""rsync://mirror.fcix.net/fedora-buffet/epel"">rsync</a> Fedora Secondary Arches <a href=""http://mirror.fcix.net/fedora-secondary"">http</a> <a href=""rsync://mirror.fcix.net/fedora-buffet/fedora-secondary"">rsync</a> <a href=""https://mirror.fcix.net/fedora-secondary"">https</a> Fedora Other <a href=""rsync://mirror.fcix.net/fedora-buffet/alt"">rsync</a> <a href=""https://mirror.fcix.net/fedora-alt"">https</a> <a href=""http://mirror.fcix.net/fedora-alt"">http</a> Fedora Archive <a href=""rsync://mirror.fcix.net/fedora-buffet/archive"">rsync</a> <a href=""http://mirror.fcix.net/fedora-archive"">http</a> <a href=""https://mirror.fcix.net/fedora-archive"">https</a> CentOS <a href=""http://mirror.fcix.net/centos-stream"">http</a> <a href=""https://mirror.fcix.net/centos-stream"">https</a>",10000,No,
US,"<a href=""http://www.math.princeton.edu/""> mirror.math.princeton.edu </a>",mirrorfedora.math.princeton.edu,"Fedora Linux <a href=""http://mirror.math.princeton.edu/pub/fedora/linux"">http</a> <a href=""rsync://mirror.math.princeton.edu/pub/fedora/linux"">rsync</a>",10000,Yes,
US,"<a href=""http://www.limestonenetworks.com""> Limestone Networks </a>",mirror.lstn.net,"Fedora Linux <a href=""http://mirror.lstn.net/fedora"">http</a> <a href=""https://mirror.lstn.net/fedora"">https</a> <a href=""rsync://mirror.lstn.net/fedora"">rsync</a> Fedora EPEL <a href=""http://mirror.lstn.net/fedora-epel"">http</a> <a href=""https://mirror.lstn.net/fedora-epel"">https</a> <a href=""rsync://mirror.lstn.net/fedora-epel"">rsync</a>",3000,No,"Dallas, TX"
US,"<a href=""http://www.metrocast.com""> mirror.metrocast.net </a>",mirror.metrocast.net,"Fedora Linux <a href=""http://mirror.metrocast.net/fedora/linux"">http</a> <a href=""rsync://mirror.metrocast.net/Fedora/linux"">rsync</a> Fedora EPEL <a href=""http://mirror.metrocast.net/fedora/epel"">http</a> <a href=""rsync://mirror.metrocast.net/Fedora/epel"">rsync</a>",1024,No,
US,"<a href=""https://doit.missouri.edu/services/research""> University of Missouri </a>",mirror.rnet.missouri.edu,"Fedora Linux <a href=""rsync://mirror.rnet.missouri.edu/fedora-enchilada"">rsync</a> <a href=""http://mirror.rnet.missouri.edu/fedora/linux"">http</a> Fedora EPEL <a href=""rsync://mirror.rnet.missouri.edu/fedora-epel"">rsync</a> <a href=""http://mirror.rnet.missouri.edu/epel"">http</a>",1000,Yes,
US,"<a href=""http://www.leaseweb.com""> LeaseWeb </a>",mirror.sfo12.us.leaseweb.net,"Fedora Linux <a href=""http://mirror.sfo12.us.leaseweb.net/fedora/linux"">http</a> <a href=""rsync://mirror.sfo12.us.leaseweb.net/fedora"">rsync</a> Fedora EPEL <a href=""http://mirror.sfo12.us.leaseweb.net/epel"">http</a> <a href=""rsync://mirror.sfo12.us.leaseweb.net/epel"">rsync</a>",10000,No,"San Jose, CA, IPv4 only"
US,"<a href=""https://www.siena.edu""> Siena College </a>",mirror.siena.edu,"Fedora Linux <a href=""http://mirror.siena.edu/fedora/linux"">http</a> Fedora EPEL <a href=""http://mirror.siena.edu/epel"">http</a> CentOS <a href=""http://mirror.siena.edu/centos-stream"">http</a> <a href=""rsync://mirror.siena.edu/centos-stream"">rsync</a>",10000,Yes,
US,"<a href=""http://www.liquidweb.com""> liquidweb.com </a>",mirrors.liquidweb.com,"Fedora Linux <a href=""http://mirrors.liquidweb.com/fedora"">http</a> <a href=""rsync://mirrors.liquidweb.com/fedora"">rsync</a> Fedora EPEL <a href=""http://mirrors.liquidweb.com/fedora-epel"">http</a> <a href=""rsync://mirrors.liquidweb.com/fedora-epel"">rsync</a>",100,No,IPv4 and IPv6
US,"<a href=""http://lug.mtu.edu""> MTU Linux/UNIX Users' Group </a>",mirrors.lug.mtu.edu,"Fedora Linux <a href=""rsync://mirrors.lug.mtu.edu/fedora"">rsync</a> <a href=""http://mirrors.lug.mtu.edu/fedora/linux"">http</a> <a href=""https://mirrors.lug.mtu.edu/fedora/linux"">https</a> Fedora EPEL <a href=""https://mirrors.lug.mtu.edu/epel"">https</a> <a href=""http://mirrors.lug.mtu.edu/epel"">http</a> <a href=""rsync://mirrors.lug.mtu.edu/epel"">rsync</a>",1000,Yes,"IPv4, on MERIT network"
US,"<a href=""http://sipb.mit.edu/""> MIT SIPB </a>",mirrors.mit.edu,"Fedora Linux <a href=""rsync://mirrors.mit.edu/fedora/linux"">rsync</a> <a href=""http://mirrors.mit.edu/fedora/linux"">http</a> Fedora EPEL <a href=""http://mirrors.mit.edu/epel"">http</a> <a href=""rsync://mirrors.mit.edu/fedora-epel"">rsync</a>",1000,Yes,
US,"<a href=""https://ocf.berkeley.edu""> OCF </a>",mirrors.ocf.berkeley.edu,"Fedora EPEL <a href=""https://mirrors.ocf.berkeley.edu/fedora/epel"">https</a> <a href=""http://mirrors.ocf.berkeley.edu/fedora/epel"">http</a> <a href=""rsync://mirrors.ocf.berkeley.edu/fedora-epel"">rsync</a> Fedora Linux <a href=""https://mirrors.ocf.berkeley.edu/fedora/fedora/linux"">https</a> <a href=""http://mirrors.ocf.berkeley.edu/fedora/fedora/linux"">http</a> <a href=""rsync://mirrors.ocf.berkeley.edu/fedora-enchilada/linux"">rsync</a> CentOS <a href=""rsync://mirrors.ocf.berkeley.edu/centos-stream"">rsync</a> <a href=""https://mirrors.ocf.berkeley.edu/centos-stream"">https</a> <a href=""http://mirrors.ocf.berkeley.edu/centos-stream"">http</a>",20000,Yes,
US,"<a href=""http://www.uci.edu/""> UC Irvine </a>",mirrors.oit.uci.edu,"Fedora Linux <a href=""http://mirrors.oit.uci.edu/fedora/linux"">http</a>",1000,Yes,
US,"<a href=""http://www.rit.edu""> Rochester Institute of Technology </a>",mirrors.rit.edu,"Fedora Linux <a href=""https://mirrors.rit.edu/fedora/fedora/linux"">https</a> <a href=""http://mirrors.rit.edu/fedora/fedora/linux"">http</a> <a href=""rsync://mirrors.rit.edu/fedora"">rsync</a> Fedora Other <a href=""rsync://mirrors.rit.edu/fedora-alt"">rsync</a> <a href=""http://mirrors.rit.edu/fedora/alt"">http</a> Fedora Secondary Arches <a href=""rsync://mirrors.rit.edu/fedora-secondary"">rsync</a> <a href=""http://mirrors.rit.edu/fedora/fedora-secondary"">http</a>",10000,Yes,
US,"<a href=""http://www.syringanetworks.net""> Syringa Networks </a>",mirrors.syringanetworks.net,"Fedora Linux <a href=""http://mirrors.syringanetworks.net/fedora/linux"">http</a> <a href=""rsync://mirrors.syringanetworks.net/fedora/linux"">rsync</a> Fedora EPEL <a href=""http://mirrors.syringanetworks.net/fedora-epel"">http</a> <a href=""rsync://mirrors.syringanetworks.net/fedora-epel"">rsync</a>",10000,No,IPv6 Enabled
US,"<a href=""https://www.steadfast.net""> Steadfast Networks </a>",mirror.steadfastnet.com,"Fedora Linux <a href=""http://mirror.steadfastnet.com/fedora"">http</a> <a href=""rsync://mirror.steadfastnet.com/fedora"">rsync</a> <a href=""https://mirror.steadfastnet.com/fedora"">https</a> Fedora EPEL <a href=""http://mirror.steadfastnet.com/epel"">http</a> <a href=""rsync://mirror.steadfastnet.com/epel"">rsync</a> <a href=""https://mirror.steadfastnet.com/epel"">https</a>",1000,No,"Located in Chicago, IL and available via IPv6"
US,"<a href=""https://www.thesnowcloud.com""> Snowcloud Services </a>",mirrors.tscak.com,"Fedora Linux <a href=""http://mirrors.tscak.com/Fedora/fedora/linux"">http</a> Fedora EPEL <a href=""http://mirrors.tscak.com/Fedora/epel"">http</a>",1000,No,
US,"<a href=""http://www.xmission.com""> XMission Internet </a>",mirrors.xmission.com,"Fedora Linux <a href=""https://mirrors.xmission.com/fedora/linux"">https</a> <a href=""rsync://mirrors.xmission.com/fedora/linux"">rsync</a> <a href=""http://mirrors.xmission.com/fedora/linux"">http</a> Fedora EPEL <a href=""rsync://mirrors.xmission.com/fedora-epel"">rsync</a> <a href=""http://mirrors.xmission.com/fedora-epel"">http</a> <a href=""https://mirrors.xmission.com/fedora-epel"">https</a>",1000,No,IPv4 & IPv6
US,"<a href=""https://tornadovps.com""> prgmr.com, Inc. </a>",mirror.tornadovps.com,"Fedora Linux <a href=""http://mirror.tornadovps.com/pub/fedora/linux"">http</a> Fedora EPEL <a href=""http://mirror.tornadovps.com/pub/epel"">http</a>",1000,No,
US,"<a href=""https://www.usi.edu""> University of Southern Indiana </a>",mirror.usi.edu,"Fedora Linux <a href=""http://mirror.usi.edu/pub/fedora/linux"">http</a> <a href=""https://mirror.usi.edu/pub/fedora/linux"">https</a> <a href=""rsync://mirror.usi.edu/fedora-enchilada/linux"">rsync</a> Fedora EPEL <a href=""http://mirror.usi.edu/pub/epel"">http</a> <a href=""https://mirror.usi.edu/pub/epel"">https</a> <a href=""rsync://mirror.usi.edu/fedora-epel"">rsync</a> Fedora Secondary Arches <a href=""rsync://mirror.usi.edu/fedora-secondary"">rsync</a> <a href=""http://mirror.usi.edu/pub/fedora-secondary"">http</a> <a href=""https://mirror.usi.edu/pub/fedora-secondary"">https</a> Fedora Other <a href=""http://mirror.usi.edu/pub/alt"">http</a> <a href=""https://mirror.usi.edu/pub/alt"">https</a> <a href=""rsync://mirror.usi.edu/fedora-alt"">rsync</a> CentOS <a href=""http://mirror.usi.edu/pub/centos-stream"">http</a> <a href=""https://mirror.usi.edu/pub/centos-stream"">https</a> <a href=""rsync://mirror.usi.edu/centos-stream"">rsync</a>",1000,No,
US,"<a href=""http://www.canbytel.com""> Canby Telcom </a>",mirror.web-ster.com,"Fedora Linux <a href=""http://mirror.web-ster.com/fedora"">http</a> <a href=""rsync://mirror.web-ster.com/fedora"">rsync</a>",1000,No,
US,"<a href=""https://www.kernel.org""> mirrors.kernel.org </a>",na.edge.kernel.org,"Fedora Linux <a href=""https://na.edge.kernel.org/fedora"">https</a> Fedora EPEL <a href=""https://na.edge.kernel.org/fedora-epel"">https</a>",10000,No,Equinix Metal host in NYC
US,"<a href=""https://fcix.net""> Fremont Cabal Internet Exchange </a>",nnenix.mm.fcix.net,"Fedora Linux <a href=""rsync://nnenix.mm.fcix.net/fedora-enchilada/linux"">rsync</a> <a href=""https://nnenix.mm.fcix.net/fedora/linux"">https</a> <a href=""http://nnenix.mm.fcix.net/fedora/linux"">http</a> Fedora EPEL <a href=""https://nnenix.mm.fcix.net/epel"">https</a> <a href=""http://nnenix.mm.fcix.net/epel"">http</a> <a href=""rsync://nnenix.mm.fcix.net/fedora-epel"">rsync</a>",1000,Yes,
US,"<a href=""https://fcix.net""> Fremont Cabal Internet Exchange </a>",ohioix.mm.fcix.net,"Fedora Linux <a href=""rsync://ohioix.mm.fcix.net/fedora-enchilada/linux"">rsync</a> <a href=""https://ohioix.mm.fcix.net/fedora/linux"">https</a> <a href=""http://ohioix.mm.fcix.net/fedora/linux"">http</a> Fedora EPEL <a href=""http://ohioix.mm.fcix.net/epel"">http</a> <a href=""https://ohioix.mm.fcix.net/epel"">https</a> <a href=""rsync://ohioix.mm.fcix.net/fedora-epel"">rsync</a>",1000,No,
US,"<a href=""https://www.rackspace.com""> Rackspace </a>",ord.mirror.rackspace.com,"Fedora Linux <a href=""http://ord.mirror.rackspace.com/fedora"">http</a> <a href=""https://ord.mirror.rackspace.com/fedora"">https</a> <a href=""rsync://ord.mirror.rackspace.com/fedora"">rsync</a> Fedora EPEL <a href=""rsync://ord.mirror.rackspace.com/epel"">rsync</a> <a href=""http://ord.mirror.rackspace.com/epel"">http</a> <a href=""https://ord.mirror.rackspace.com/epel"">https</a> CentOS <a href=""http://ord.mirror.rackspace.com/centos-stream"">http</a> <a href=""rsync://ord.mirror.rackspace.com/centos-stream"">rsync</a> <a href=""https://ord.mirror.rackspace.com/centos-stream"">https</a>",1000,No,
US,"<a href=""http://www.linux.ncsu.edu""> NC State University </a>",packages.oit.ncsu.edu,"Fedora Linux <a href=""http://packages.oit.ncsu.edu/fedora/linux"">http</a> <a href=""rsync://packages.oit.ncsu.edu/fedora/linux"">rsync</a> Fedora EPEL <a href=""http://packages.oit.ncsu.edu/epel"">http</a> <a href=""rsync://packages.oit.ncsu.edu/epel"">rsync</a>",1000,Yes,
US,"<a href=""https://fcix.net""> Fremont Cabal Internet Exchange </a>",paducahix.mm.fcix.net,"Fedora Linux <a href=""http://paducahix.mm.fcix.net/fedora/linux"">http</a> <a href=""rsync://paducahix.mm.fcix.net/fedora-enchilada/linux"">rsync</a> <a href=""https://paducahix.mm.fcix.net/fedora/linux"">https</a> Fedora EPEL <a href=""http://paducahix.mm.fcix.net/epel"">http</a> <a href=""rsync://paducahix.mm.fcix.net/fedora-epel"">rsync</a> <a href=""https://paducahix.mm.fcix.net/epel"">https</a>",1000,No,
US,"<a href=""https://www.math.uh.edu""> UH Mathematics </a>",pubmirror1.math.uh.edu,"Fedora Linux <a href=""http://pubmirror1.math.uh.edu/fedora-buffet/fedora/linux"">http</a> <a href=""rsync://pubmirror1.math.uh.edu/fedora-enchilada/linux"">rsync</a> <a href=""https://pubmirror1.math.uh.edu/fedora-buffet/fedora/linux"">https</a> Fedora EPEL <a href=""rsync://pubmirror1.math.uh.edu/fedora-epel"">rsync</a> <a href=""https://pubmirror1.math.uh.edu/fedora-buffet/epel"">https</a> <a href=""http://pubmirror1.math.uh.edu/fedora-buffet/epel"">http</a> Fedora Secondary Arches <a href=""http://pubmirror1.math.uh.edu/fedora-buffet/fedora-secondary"">http</a> <a href=""https://pubmirror1.math.uh.edu/fedora-buffet/fedora-secondary"">https</a> <a href=""rsync://pubmirror1.math.uh.edu/fedora-secondary"">rsync</a> Fedora Archive <a href=""rsync://pubmirror1.math.uh.edu/fedora-archive"">rsync</a> <a href=""http://pubmirror1.math.uh.edu/fedora-buffet/archive"">http</a> <a href=""https://pubmirror1.math.uh.edu/fedora-buffet/archive"">https</a> Fedora Other <a href=""https://pubmirror1.math.uh.edu/fedora-buffet/alt"">https</a> <a href=""http://pubmirror1.math.uh.edu/fedora-buffet/alt"">http</a> <a href=""rsync://pubmirror1.math.uh.edu/fedora-alt"">rsync</a>",1000,Yes,University of Houston Mathematics
US,"<a href=""https://www.math.uh.edu""> UH Mathematics </a>",pubmirror2.math.uh.edu,"Fedora Linux <a href=""http://pubmirror2.math.uh.edu/fedora-buffet/fedora/linux"">http</a> <a href=""https://pubmirror2.math.uh.edu/fedora-buffet/fedora/linux"">https</a> <a href=""rsync://pubmirror2.math.uh.edu/fedora-enchilada/linux"">rsync</a> Fedora Secondary Arches <a href=""rsync://pubmirror2.math.uh.edu/fedora-secondary"">rsync</a> <a href=""http://pubmirror2.math.uh.edu/fedora-buffet/fedora-secondary"">http</a> <a href=""https://pubmirror2.math.uh.edu/fedora-buffet/fedora-secondary"">https</a> Fedora EPEL <a href=""https://pubmirror2.math.uh.edu/fedora-buffet/epel"">https</a> <a href=""http://pubmirror2.math.uh.edu/fedora-buffet/epel"">http</a> <a href=""rsync://pubmirror2.math.uh.edu/fedora-epel"">rsync</a>",1000,Yes,University of Houston Mathematics
US,"<a href=""https://www.math.uh.edu""> UH Mathematics </a>",pubmirror3.math.uh.edu,"Fedora Linux <a href=""http://pubmirror3.math.uh.edu/fedora-buffet/fedora/linux"">http</a> <a href=""https://pubmirror3.math.uh.edu/fedora-buffet/fedora/linux"">https</a> <a href=""rsync://pubmirror3.math.uh.edu/fedora-enchilada/linux"">rsync</a> Fedora EPEL <a href=""http://pubmirror3.math.uh.edu/fedora-buffet/epel"">http</a> <a href=""https://pubmirror3.math.uh.edu/fedora-buffet/epel"">https</a> <a href=""rsync://pubmirror3.math.uh.edu/fedora-epel"">rsync</a>",1000,Yes,University of Houston Mathematics
US,"<a href=""https://fcix.net""> Fremont Cabal Internet Exchange </a>",ridgewireless.mm.fcix.net,"Fedora Linux <a href=""https://ridgewireless.mm.fcix.net/fedora/linux"">https</a> <a href=""rsync://ridgewireless.mm.fcix.net/fedora-enchilada/linux"">rsync</a> <a href=""http://ridgewireless.mm.fcix.net/fedora/linux"">http</a> Fedora EPEL <a href=""http://ridgewireless.mm.fcix.net/epel"">http</a> <a href=""rsync://ridgewireless.mm.fcix.net/fedora-epel"">rsync</a> <a href=""https://ridgewireless.mm.fcix.net/epel"">https</a> CentOS <a href=""https://ridgewireless.mm.fcix.net/centos-stream"">https</a> <a href=""http://ridgewireless.mm.fcix.net/centos-stream"">http</a> <a href=""rsync://ridgewireless.mm.fcix.net/centos-stream"">rsync</a>",1000,No,
